9513,7.2424e+05,420
9539,1.089e+06,460
9556,7.1882e+05,475
9581,1.0766e+06,430
9606,1.101e+06,472
9623,7.3295e+05,455
9648,1.1267e+06,439
9673,1.1045e+06,491
9690,7.3854e+05,439
9715,1.1e+06,406
9740,1.1025e+06,489
9757,7.3234e+05,426
9782,1.1069e+06,452
9800,7.3503e+05,487
9824,1.1135e+06,422
9849,1.1094e+06,465
9866,7.3384e+05,473
9891,1.0862e+06,432
9916,1.1104e+06,474
9933,7.4899e+05,455
9958,1.1337e+06,439
9983,1.1349e+06,481
10000,7.5807e+05,446
10025,1.1266e+06,445
10050,1.1245e+06,490
10067,7.5157e+05,428
10092,1.1301e+06,457
10110,7.5667e+05,485
10134,1.1375e+06,423
10159,1.1403e+06,466
10176,7.575e+05,471
10201,1.1347e+06,430
10226,1.1391e+06,469
10243,7.6033e+05,468
10268,1.1388e+06,435
10293,1.1396e+06,477
10310,7.6265e+05,453
10335,1.1387e+06,432
10360,1.1412e+06,487
10377,7.6703e+05,432
10402,1.1555e+06,452
10420,7.5822e+05,490
10444,7.6154e+05,420
10473,1.1558e+06,463
10490,7.6893e+05,476
10515,1.1143e+06,429
10540,1.1627e+06,470
10557,7.8703e+05,457
10582,1.1807e+06,446
10607,1.1717e+06,487
10624,7.8064e+05,448
10649,1.225e+06,443
10674,1.1571e+06,486
10691,7.8451e+05,434
10716,4.292e+09,454
10734,7.7513e+05,487
10758,1.1676e+06,423
10783,1.1703e+06,464
10800,7.8506e+05,471
10825,1.1771e+06,436
10850,1.1772e+06,473
10867,7.8603e+05,455
10892,1.173e+06,436
10917,1.1746e+06,479
10934,7.8044e+05,446
10959,1.1776e+06,445
10984,1.1796e+06,486
11001,7.8718e+05,433
11026,1.1822e+06,450
11044,7.8725e+05,490
11068,7.8962e+05,426
11093,1.1747e+06,3.8404e+09
11110,7.9023e+05,470
11135,1.1915e+06,430
11160,1.1893e+06,470
11177,8.016e+05,459
11202,1.2053e+06,440
11227,1.2172e+06,486
11244,8.1514e+05,438
11269,1.2137e+06,440
11294,1.2098e+06,494
11311,8.031e+05,431
11336,1.2161e+06,455
11353,8.1543e+05,483
11378,1.2199e+06,421
11403,1.2174e+06,463
11420,8.0842e+05,473
11445,1.2255e+06,425
11470,1.2199e+06,473
11487,8.1557e+05,464
11512,1.2137e+06,437
11537,1.2223e+06,481
11554,8.1376e+05,441
11579,1.2303e+06,446
11604,1.2224e+06,494
11621,8.2438e+05,421
11646,1.2354e+06,455
11663,8.21e+05,492
11688,1.227e+06,418
11713,1.2247e+06,478
11730,8.3235e+05,463
11755,1.2358e+06,436
11780,1.2321e+06,479
11797,8.2195e+05,450
11822,1.2347e+06,446
11847,1.2382e+06,486
11864,8.2246e+05,435
11889,1.2397e+06,453
11907,8.25e+05,485
11931,1.2387e+06,422
11956,1.2463e+06,463
11973,8.2425e+05,481
11998,1.2323e+06,424
12023,1.2402e+06,471
12040,8.2877e+05,458
12065,1.2381e+06,438
12090,1.244e+06,483
12107,8.3182e+05,443
12132,1.2387e+06,445
12157,1.2473e+06,514
12174,8.2784e+05,427
12199,1.2472e+06,458
12217,8.3415e+05,489
12241,1.2533e+06,421
12266,1.2495e+06,463
12283,8.3017e+05,465
12308,1.2678e+06,432
12333,1.2566e+06,471
12350,8.333e+05,460
12375,1.2578e+06,433
12400,1.262e+06,476
12417,8.3841e+05,457
12442,1.2529e+06,443
12467,1.2569e+06,474
12484,8.457e+05,441
12509,1.2662e+06,444
12534,1.2749e+06,492
12551,8.4293e+05,428
12576,1.2638e+06,455
12594,8.4659e+05,489
12618,1.2697e+06,421
12643,1.2691e+06,462
12660,8.4551e+05,467
12685,1.2702e+06,433
12710,1.2775e+06,467
12727,8.4166e+05,460
12752,1.2722e+06,435
12777,1.2733e+06,477
12794,8.4654e+05,450
12819,1.2744e+06,446
12844,1.2778e+06,489
12861,8.4051e+05,433
12886,1.2722e+06,450
12904,8.4803e+05,490
12928,8.4196e+05,417
12953,1.272e+06,466
12970,8.5763e+05,474
12995,1.2777e+06,430
13020,1.2899e+06,471
13037,8.6137e+05,459
13062,1.277e+06,439
13087,1.2756e+06,487
13104,8.5595e+05,446
13129,1.2855e+06,442
13154,1.2782e+06,493
13171,8.5826e+05,431
13196,1.2928e+06,459
13214,8.5367e+05,487
13238,1.2824e+06,423
13263,1.2971e+06,463
13280,8.6024e+05,470
13305,1.289e+06,432
13330,1.2979e+06,473
13347,8.5957e+05,460
13372,1.292e+06,498
13397,1.2979e+06,480
13414,8.7465e+05,445
13439,1.2938e+06,443
13464,1.309e+06,490
13481,8.7057e+05,444
13506,1.3051e+06,452
13524,8.8018e+05,491
13548,8.7718e+05,412
13573,1.3062e+06,467
13590,8.683e+05,474
13615,1.3071e+06,432
13640,1.3026e+06,467
13657,8.745e+05,457
13682,1.3054e+06,432
13707,1.3043e+06,480
13724,8.7656e+05,446
13749,1.3289e+06,449
13774,1.3067e+06,487
13791,8.8368e+05,437
13816,1.3156e+06,2.1475e+09
13834,8.7535e+05,494
13858,8.8111e+05,418
13883,1.3243e+06,466
13900,8.7684e+05,472
13925,1.3226e+06,428
13950,1.3167e+06,475
13967,8.845e+05,458
13992,1.3156e+06,437
14017,1.3288e+06,478
14034,8.7732e+05,442
14059,1.3214e+06,449
14084,1.3225e+06,494
14101,8.8267e+05,423
14126,1.3223e+06,458
14143,8.8188e+05,482
14168,1.3277e+06,423
14193,1.3277e+06,470
14210,8.7825e+05,463
14235,1.3246e+06,436
14260,1.3306e+06,475
14277,8.9066e+05,447
14302,1.3307e+06,446
14327,1.3192e+06,487
14344,8.8224e+05,434
14369,1.3287e+06,453
14387,8.9465e+05,486
14411,1.3449e+06,421
14436,1.3512e+06,463
14453,9.0045e+05,471
14478,1.3485e+06,429
14503,1.3375e+06,477
14520,9.0046e+05,454
14545,1.3454e+06,440
14570,1.3446e+06,482
14587,9.0648e+05,438
14612,1.3476e+06,452
14637,1.3538e+06,486
14654,9.054e+05,427
14679,1.3575e+06,456
14697,9.0898e+05,493
14721,1.3553e+06,422
14746,1.3528e+06,462
14763,9.0707e+05,469
14788,1.3595e+06,431
14813,1.3607e+06,470
14830,9.1598e+05,457
14855,1.3613e+06,437
14880,1.3668e+06,477
14897,9.1821e+05,447
14922,1.3554e+06,443
14947,1.3727e+06,488
14964,9.1677e+05,432
14989,1.3737e+06,450
15007,9.2171e+05,487
15031,9.1419e+05,418
15056,1.3886e+06,464
15073,9.1139e+05,471
15098,1.3818e+06,432
15123,1.3848e+06,477
15140,9.1627e+05,446
15165,1.3834e+06,440
15190,1.3819e+06,483
15207,9.2694e+05,439
15232,1.3794e+06,449
15257,1.3849e+06,493
15274,9.3234e+05,423
15299,1.3925e+06,457
15316,9.2845e+05,483
15341,1.3993e+06,426
15366,1.3873e+06,468
15383,9.2454e+05,470
15408,1.3936e+06,437
15433,1.3918e+06,478
15450,9.3027e+05,450
15475,1.3984e+06,440
15500,1.3982e+06,484
15517,9.4164e+05,432
15542,1.4067e+06,453
15560,9.2807e+05,491
15584,1.398e+06,423
15609,1.4038e+06,464
15626,9.4144e+05,475
15651,1.4002e+06,5801
15676,1.4021e+06,470
15693,9.4073e+05,462
15718,1.4063e+06,436
15743,1.4087e+06,479
15760,9.3602e+05,451
15785,1.4083e+06,443
15810,1.4218e+06,487
15827,9.4639e+05,434
15852,1.4143e+06,450
15877,1.4183e+06,493
15894,9.4588e+05,424
15919,1.4122e+06,459
15936,9.4483e+05,481
15961,1.4241e+06,424
15986,1.4206e+06,470
16003,9.5411e+05,454
16028,1.4234e+06,439
16053,1.4207e+06,485
16070,9.4573e+05,442
16095,1.4253e+06,450
16120,1.4328e+06,490
16137,9.5684e+05,426
16162,1.431e+06,455
16179,9.5858e+05,480
16204,1.434e+06,425
16229,1.4249e+06,467
16246,9.4729e+05,468
16271,1.4322e+06,430
16296,1.4324e+06,475
16313,9.6414e+05,454
16338,1.4279e+06,436
16363,1.4333e+06,484
16380,2.6853e+09,438
16405,1.447e+06,443
16431,1.4505e+06,492
16448,9.6844e+05,426
16473,1.4306e+06,455
16490,9.5604e+05,481
16515,1.4506e+06,548
16540,1.4435e+06,469
16557,9.6991e+05,463
16582,1.4619e+06,430
16607,1.4559e+06,477
16624,9.6975e+05,450
16649,1.4528e+06,442
16674,1.4632e+06,475
16691,9.7017e+05,454
16716,1.4633e+06,447
16741,1.4661e+06,496
16758,9.7301e+05,435
16783,1.4616e+06,450
16801,9.6563e+05,487
16825,9.7556e+05,422
16850,1.4705e+06,459
16867,9.6989e+05,479
16892,1.46e+06,426
16917,1.4743e+06,479
16934,9.7748e+05,462
16959,1.4598e+06,437
16984,1.4632e+06,481
17001,9.7688e+05,446
17026,1.4733e+06,424
17051,1.4664e+06,487
17068,9.8469e+05,430
17093,1.4707e+06,450
17111,9.8252e+05,497
17135,9.7443e+05,419
17160,1.479e+06,461
17177,9.8488e+05,475
17202,1.4816e+06,429
17227,1.4793e+06,473
17244,9.8148e+05,460
17269,1.4822e+06,435
17294,1.4771e+06,484
17311,9.8876e+05,444
17336,1.4909e+06,446
17361,1.4824e+06,489
17378,9.9106e+05,429
17403,1.4815e+06,457
17420,9.8727e+05,486
17445,1.5022e+06,422
17470,1.5064e+06,458
17487,1.0067e+06,466
17512,1.5077e+06,425
17537,1.5049e+06,473
17554,1.0036e+06,456
17579,1.515e+06,441
17604,1.5176e+06,482
17621,1.0099e+06,440
17646,1.5111e+06,444
17671,1.5236e+06,493
17688,1.0076e+06,429
17713,1.5159e+06,453
17731,1.0065e+06,488
17755,1.5185e+06,421
17780,1.5149e+06,466
17797,1.0166e+06,474
17822,1.5196e+06,431
17847,1.519e+06,475
17864,1.0182e+06,454
17889,1.5307e+06,437
17914,1.5293e+06,478
17931,1.0208e+06,438
17956,1.5249e+06,450
17974,1.0172e+06,488
17998,1.0142e+06,419
18023,1.5384e+06,464
18040,9.9578e+05,478
18065,1.5294e+06,425
18090,1.5247e+06,466
18107,1.0253e+06,466
18132,1.5368e+06,429
18157,1.5248e+06,474
18174,1.0215e+06,453
18199,1.5434e+06,439
18224,1.5343e+06,484
18241,1.0269e+06,445
18266,1.5474e+06,447
18291,1.5442e+06,490
18308,1.0267e+06,431
18333,1.5539e+06,453
18351,1.0271e+06,487
18375,1.5452e+06,424
18400,1.5443e+06,456
18417,1.0403e+06,472
18442,1.5625e+06,430
18467,1.5629e+06,476
18484,1.0403e+06,442
18509,1.5687e+06,445
18534,1.5712e+06,484
18551,1.0471e+06,442
18576,1.577e+06,451
18601,1.5743e+06,489
18618,1.0427e+06,424
18643,1.5709e+06,460
18660,1.0523e+06,473
18685,1.5713e+06,427
18710,1.5775e+06,475
18727,1.051e+06,459
18752,1.5714e+06,434
18777,1.5766e+06,481
18794,5.5837e+07,443
18819,1.5735e+06,448
18844,1.5816e+06,493
18861,1.0495e+06,421
18886,1.5751e+06,456
18903,1.0605e+06,480
18928,1.5819e+06,427
18953,1.6038e+06,472
18970,1.0584e+06,456
18995,1.5846e+06,430
19020,1.5973e+06,487
19037,1.0523e+06,443
19062,1.6035e+06,450
19087,1.6004e+06,482
19104,1.0641e+06,435
19129,1.5989e+06,451
19147,1.0613e+06,485
19171,1.0721e+06,418
19196,1.5902e+06,467
19213,1.062e+06,470
19238,1.6082e+06,433
19263,1.6002e+06,477
19280,1.0801e+06,452
19305,1.6096e+06,452
19330,1.606e+06,490
19347,1.0767e+06,436
19372,1.6184e+06,456
19390,1.0794e+06,480
19414,1.617e+06,421
19439,1.6186e+06,457
19456,1.0783e+06,466
19481,1.6143e+06,429
19506,1.628e+06,487
19523,1.0923e+06,454
19548,1.6118e+06,439
19573,1.6221e+06,483
19590,1.0789e+06,439
19615,1.6318e+06,448
19640,1.6308e+06,480
19657,1.0867e+06,437
19682,1.6302e+06,450
19707,1.6295e+06,487
19724,1.0952e+06,430
19749,1.6417e+06,453
19766,1.0942e+06,481
19791,1.6217e+06,427
19816,1.6369e+06,464
19833,1.0926e+06,471
19858,1.6364e+06,435
19883,1.6393e+06,472
19900,1.0955e+06,458
19925,1.6385e+06,435
19950,1.6564e+06,480
19967,1.0965e+06,446
19992,1.6518e+06,444
20017,1.6405e+06,496
20034,1.0944e+06,436
20059,1.6372e+06,457
20077,1.1005e+06,490
20101,1.0885e+06,417
20126,1.6669e+06,461
20143,1.1056e+06,482
20168,1.6538e+06,426
20193,1.6585e+06,473
20210,1.1053e+06,455
20235,1.6534e+06,441
20260,1.6612e+06,487
20277,1.1052e+06,4.6767e+08
20302,1.6596e+06,451
20320,1.1148e+06,489
20344,1.1093e+06,416
20369,1.6711e+06,466
20386,1.1202e+06,477
20411,1.6734e+06,428
20437,1.679e+06,471
20454,1.1219e+06,451
20479,1.6744e+06,434
20504,1.681e+06,481
20521,1.1222e+06,447
20546,1.6899e+06,443
20571,1.6879e+06,488
20588,1.1281e+06,438
20613,1.7069e+06,454
20638,1.6949e+06,487
20655,1.1338e+06,430
20680,1.6878e+06,450
20698,1.1355e+06,485
20722,1.7062e+06,420
20747,1.705e+06,474
20764,1.1466e+06,469
20789,1.7142e+06,431
20814,1.7142e+06,454
20831,1.1491e+06,453
20857,1.7105e+06,441
20882,1.7191e+06,483
20899,1.1447e+06,442
20924,1.7206e+06,450
20949,1.7151e+06,489
20966,1.1456e+06,426
20991,1.7144e+06,454
21009,1.1435e+06,484
21033,1.7144e+06,421
21058,1.7345e+06,474
21075,1.1645e+06,467
21100,1.7226e+06,431
21125,1.7326e+06,476
21142,1.1573e+06,451
21167,1.7349e+06,444
21192,1.7279e+06,490
21209,1.156e+06,557
21234,1.7429e+06,459
21251,1.1621e+06,488
21279,1.7413e+06,425
21305,1.7511e+06,472
21322,1.1688e+06,465
21347,1.7417e+06,433
21372,1.75e+06,414
21389,1.17e+06,461
21414,1.74e+06,435
21439,1.7552e+06,481
21456,1.1686e+06,442
21481,1.7485e+06,449
21506,1.7547e+06,488
21523,1.1757e+06,432
21548,1.7584e+06,450
21566,1.1805e+06,488
21590,1.1763e+06,419
21615,1.7711e+06,469
21632,1.1721e+06,474
21657,1.7704e+06,425
21682,1.7664e+06,475
21699,1.1729e+06,457
21724,1.764e+06,435
21749,1.7639e+06,481
21766,1.1811e+06,442
21791,1.7647e+06,448
21816,1.7599e+06,494
21833,1.1747e+06,432
21858,1.778e+06,457
21875,1.1836e+06,492
21900,1.7737e+06,401
21925,1.7878e+06,465
21942,1.1811e+06,464
21967,1.7729e+06,558
21992,1.788e+06,475
22009,1.1913e+06,453
22034,1.796e+06,435
22059,1.7898e+06,479
22076,1.1887e+06,447
22101,1.7949e+06,470
22126,1.7895e+06,489
22144,1.1965e+06,428
22169,1.7925e+06,458
22186,1.1987e+06,477
22211,1.7928e+06,426
22236,1.7988e+06,470
22253,1.2001e+06,458
22278,1.8012e+06,435
22303,1.7973e+06,478
22320,1.1955e+06,450
22345,1.8052e+06,443
22370,1.8049e+06,502
22387,1.2087e+06,435
22412,1.8073e+06,449
22430,1.2083e+06,479
22454,1.2074e+06,420
22479,1.8114e+06,464
22496,1.2112e+06,470
22521,1.8082e+06,429
22546,1.8058e+06,485
22563,1.2105e+06,449
22588,1.812e+06,442
22613,1.8163e+06,486
22630,1.2141e+06,434
22655,1.8173e+06,452
22673,1.2134e+06,489
22697,1.8218e+06,423
22722,1.8208e+06,466
22739,1.2137e+06,474
22764,1.8103e+06,426
22789,1.8266e+06,468
22806,1.2187e+06,464
22831,1.8258e+06,432
22856,1.8332e+06,480
22873,1.2116e+06,460
22898,4.2927e+09,442
22923,1.8356e+06,487
22940,1.2235e+06,433
22965,1.836e+06,451
22990,1.8255e+06,493
23007,1.225e+06,421
23032,1.8369e+06,458
23049,1.2181e+06,476
23074,1.8396e+06,482
23099,1.8473e+06,466
23116,1.2249e+06,468
23141,1.8423e+06,429
23166,1.8361e+06,472
23183,1.235e+06,456
23208,1.8424e+06,436
23233,1.8514e+06,481
23250,1.233e+06,446
23275,1.8533e+06,448
23300,1.8544e+06,479
23317,1.2345e+06,439
23342,1.8523e+06,447
23367,1.8432e+06,487
23384,1.2385e+06,432
23409,1.8574e+06,457
23427,1.2389e+06,496
23451,1.2305e+06,420
23476,1.8615e+06,456
23493,1.2381e+06,472
23518,1.8603e+06,430
23543,1.8553e+06,474
23560,1.2393e+06,452
23585,1.8707e+06,439
23610,1.8585e+06,486
23627,1.249e+06,439
23652,1.8764e+06,448
23677,1.8766e+06,493
23694,1.2507e+06,424
23719,1.8741e+06,457
23736,1.2459e+06,483
23761,1.8781e+06,424
23786,1.8727e+06,472
23803,1.2459e+06,466
23828,1.8765e+06,436
23853,1.8721e+06,480
23870,1.2411e+06,447
23895,1.8675e+06,442
23920,1.8778e+06,485
23937,1.2544e+06,435
23962,1.8747e+06,453
23980,1.2479e+06,487
24004,1.8917e+06,424
24029,1.8726e+06,461
24046,1.2571e+06,472
24071,1.8811e+06,427
24096,1.8788e+06,470
24113,1.2584e+06,462
24138,1.8682e+06,431
24163,1.8814e+06,475
24180,1.2563e+06,448
24205,1.8835e+06,443
24230,1.8869e+06,486
24247,1.2561e+06,439
24272,1.8862e+06,448
24297,1.8848e+06,493
24314,1.2584e+06,434
24339,1.9008e+06,451
24364,1.8849e+06,491
24381,1.2694e+06,431
24406,1.885e+06,461
24423,1.2696e+06,478
24448,1.8916e+06,430
24473,1.8909e+06,470
24490,1.2625e+06,469
24515,1.8963e+06,431
24540,1.8911e+06,467
24557,1.2628e+06,458
24582,1.8953e+06,434
24607,1.9042e+06,481
24624,1.2745e+06,446
24649,1.8981e+06,448
24674,1.9065e+06,489
24691,1.2752e+06,433
24716,1.9058e+06,451
24734,1.2801e+06,490
24758,1.271e+06,418
24783,1.908e+06,467
24800,1.2729e+06,474
24825,1.9075e+06,427
24850,1.9128e+06,478
24867,1.2709e+06,458
24892,1.9156e+06,439
24917,1.9219e+06,481
24934,1.2823e+06,446
24959,1.9261e+06,449
24984,1.9276e+06,495
25001,1.2878e+06,420
25026,1.9327e+06,457
25043,1.2822e+06,484
25068,1.9318e+06,424
25093,1.9406e+06,470
25110,1.2864e+06,463
25135,1.9458e+06,436
25160,1.9297e+06,479
25177,1.2936e+06,445
25202,1.9393e+06,446
25227,1.9301e+06,486
25244,1.2953e+06,434
25269,1.9366e+06,453
25287,1.2944e+06,487
25311,1.9439e+06,422
25336,1.9576e+06,462
25353,1.2932e+06,481
25378,1.9486e+06,424
25403,1.948e+06,470
25420,1.2933e+06,458
25445,1.9399e+06,440
25470,1.9397e+06,485
25487,1.2942e+06,443
25512,1.9408e+06,445
25537,1.9505e+06,492
25554,1.3073e+06,425
25579,1.9477e+06,454
25596,1.2949e+06,487
25621,1.9475e+06,424
25646,1.9474e+06,469
25663,1.299e+06,465
25688,1.9615e+06,435
25713,1.9571e+06,471
25730,1.3134e+06,452
25755,1.949e+06,430
25780,1.9694e+06,483
25797,1.3131e+06,439
25822,1.9477e+06,439
25847,1.9528e+06,488
25864,1.3014e+06,437
25889,1.9552e+06,452
25907,1.3057e+06,487
25931,1.3108e+06,418
25956,1.9684e+06,463
25973,1.3141e+06,472
25998,1.9598e+06,431
26023,1.9631e+06,480
26040,1.3091e+06,447
26065,1.9816e+06,439
26090,1.9783e+06,485
26107,1.3196e+06,438
26132,1.9984e+06,446
26157,1.9919e+06,494
26174,1.312e+06,426
26199,1.9771e+06,459
26216,1.3381e+06,483
26241,1.9805e+06,422
26266,1.981e+06,468
26283,1.3261e+06,464
26308,1.9877e+06,435
26333,1.987e+06,478
26350,1.3309e+06,445
26375,1.9949e+06,447
26400,1.9989e+06,490
26417,1.3264e+06,419
26442,1.9986e+06,459
26459,1.335e+06,485
26484,2.0032e+06,426
26509,2.0091e+06,472
26526,1.3397e+06,459
26551,2.009e+06,439
26576,2.0077e+06,473
26593,1.3383e+06,452
26618,2.0149e+06,430
26643,2.0125e+06,485
26660,1.3436e+06,442
26685,2.0223e+06,438
26710,2.0332e+06,489
26727,1.3467e+06,427
26752,2.0246e+06,452
26770,1.3469e+06,487
26794,2.0354e+06,420
26819,2.0228e+06,464
26836,1.3565e+06,471
26861,2.0424e+06,432
26886,2.0397e+06,474
26903,1.3594e+06,454
26928,2.027e+06,437
26953,2.0378e+06,485
26970,1.3515e+06,440
26995,2.0358e+06,450
27020,2.0347e+06,491
27037,1.3513e+06,426
27062,2.0313e+06,458
27079,1.3552e+06,481
27104,2.0459e+06,426
27129,2.0444e+06,467
27146,1.3667e+06,468
27171,2.0443e+06,430
27196,2.0446e+06,485
27213,1.3709e+06,453
27238,2.0541e+06,438
27263,2.0476e+06,486
27280,1.3696e+06,445
27305,2.042e+06,449
27330,2.0522e+06,493
27347,1.3671e+06,428
27372,2.0577e+06,454
27389,1.3726e+06,482
27414,2.0569e+06,424
27439,2.0456e+06,469
27456,1.3694e+06,461
27481,2.0518e+06,434
27506,2.0663e+06,480
27523,1.3752e+06,449
27548,2.064e+06,436
27573,2.0703e+06,527
27590,1.3763e+06,434
27615,2.0727e+06,453
27633,1.3813e+06,490
27657,2.0751e+06,421
27682,2.0715e+06,465
27699,1.3881e+06,471
27724,2.0833e+06,427
27749,2.0797e+06,466
27767,1.3937e+06,465
27792,2.0815e+06,354
27817,2.0916e+06,477
27834,1.3861e+06,451
27859,2.0765e+06,441
27884,2.0856e+06,486
27901,1.3916e+06,436
27926,2.0904e+06,452
27951,2.0864e+06,494
27968,1.385e+06,427
27993,2.0849e+06,450
28011,1.3892e+06,484
28035,2.0996e+06,424
28060,2.0904e+06,464
28077,1.3973e+06,477
28102,2.1029e+06,429
28127,2.1072e+06,473
28144,1.4001e+06,462
28169,2.0906e+06,434
28195,2.1031e+06,479
28212,1.4012e+06,441
28237,2.0995e+06,450
28262,2.1052e+06,490
28279,1.4002e+06,426
28304,2.1021e+06,456
28322,1.4052e+06,485
28346,2.1109e+06,427
28371,2.1031e+06,466
28388,1.4008e+06,468
28413,2.1092e+06,430
28438,2.112e+06,473
28455,1.4075e+06,455
28480,2.1149e+06,437
28505,2.1158e+06,481
28522,1.4084e+06,448
28547,2.1157e+06,445
28572,2.1128e+06,481
28589,1.4068e+06,436
28614,2.112e+06,449
28639,2.1174e+06,493
28656,1.4075e+06,436
28681,2.1151e+06,455
28698,1.4129e+06,478
28723,2.1302e+06,426
28748,2.1203e+06,464
28765,1.4138e+06,472
28790,2.1161e+06,430
28815,2.1212e+06,473
28832,1.4101e+06,460
28857,2.1258e+06,435
28882,2.1224e+06,479
28899,1.4209e+06,443
28924,2.1241e+06,449
28949,2.1215e+06,493
28966,1.423e+06,424
28991,2.1244e+06,462
29008,1.4179e+06,484
29033,2.124e+06,424
29058,2.1322e+06,465
29075,1.4114e+06,469
29100,2.1319e+06,426
29125,2.1285e+06,472
29142,1.4131e+06,459
29167,2.143e+06,434
29192,2.1407e+06,482
29209,1.4242e+06,446
29234,2.1401e+06,443
29259,2.1341e+06,495
29276,1.4326e+06,422
29301,2.1395e+06,458
29318,1.4316e+06,480
29343,2.1422e+06,427
29368,2.1476e+06,470
29385,1.4368e+06,457
29410,2.1399e+06,447
29435,2.1442e+06,487
29452,1.427e+06,441
29477,2.1474e+06,434
29502,2.1508e+06,486
29519,1.4353e+06,436
29544,2.1406e+06,456
29562,1.4428e+06,486
29586,2.1512e+06,421
29611,2.1438e+06,463
29628,1.4331e+06,463
29653,2.1546e+06,426
29678,2.144e+06,474
29695,1.4352e+06,454
29720,2.156e+06,437
29745,2.1647e+06,480
29762,1.429e+06,446
29787,2.154e+06,441
29812,2.1397e+06,487
29829,1.4373e+06,436
29854,2.1581e+06,450
29872,1.4378e+06,491
29896,1.4441e+06,421
29921,2.1623e+06,463
29938,1.448e+06,473
29963,2.1737e+06,429
29988,2.1692e+06,468
30005,1.4417e+06,458
30030,2.169e+06,434
30055,2.1787e+06,482
30072,1.4393e+06,444
30097,2.1729e+06,451
30122,2.1717e+06,489
30139,1.4593e+06,433
30164,2.1867e+06,456
30182,1.4451e+06,489
30206,1.4585e+06,418
30231,2.18e+06,462
30248,1.4567e+06,473
30273,2.1839e+06,425
30298,2.1784e+06,470
30315,1.4544e+06,459
30340,2.1947e+06,438
30365,2.1857e+06,482
30382,1.4577e+06,443
30407,2.1827e+06,450
30432,2.192e+06,494
30449,1.4572e+06,421
30474,2.1926e+06,457
30491,1.4614e+06,487
30516,2.1816e+06,418
30541,2.1967e+06,470
30558,1.4686e+06,464
30583,2.1834e+06,435
30608,2.2023e+06,480
30625,1.4684e+06,447
30650,2.1981e+06,446
30675,2.1985e+06,486
30692,1.474e+06,441
30717,2.2011e+06,453
30735,1.4652e+06,493
30759,2.1993e+06,423
30784,2.209e+06,465
30801,1.4757e+06,476
30826,2.2085e+06,431
30851,2.1971e+06,480
30868,1.4744e+06,454
30893,2.21e+06,440
30918,2.2027e+06,489
30935,1.4769e+06,444
30960,2.2166e+06,444
30985,2.2285e+06,490
31002,1.4854e+06,426
31027,2.2344e+06,457
31044,1.495e+06,483
31069,2.2372e+06,424
31094,2.2418e+06,469
31111,1.4938e+06,466
31136,2.237e+06,435
31161,2.2409e+06,474
31178,1.4931e+06,451
31203,2.2421e+06,444
31228,2.2445e+06,477
31245,1.4977e+06,437
31270,2.2389e+06,449
31295,2.2403e+06,493
31312,1.4949e+06,430
31337,2.2384e+06,453
31354,1.492e+06,481
31379,2.2459e+06,426
31404,2.249e+06,468
31421,1.4959e+06,467
31446,2.2473e+06,429
31471,2.2435e+06,475
31488,1.4887e+06,460
31513,2.2505e+06,439
31538,2.2565e+06,486
31555,1.5055e+06,439
31580,2.2512e+06,447
31605,2.259e+06,493
31622,1.5067e+06,428
31647,2.2652e+06,457
31664,1.5074e+06,484
31689,2.259e+06,427
31714,2.254e+06,469
31731,1.5108e+06,480
31756,2.2593e+06,430
31781,2.2555e+06,484
31798,1.5041e+06,446
31823,2.2669e+06,447
31848,2.2539e+06,491
31865,1.5097e+06,426
31890,2.2714e+06,459
31907,1.5078e+06,484
31932,2.2584e+06,426
31957,2.2617e+06,478
31974,1.5163e+06,458
31999,2.274e+06,439
32024,2.2794e+06,479
32041,1.5154e+06,445
32066,2.279e+06,439
32091,2.2697e+06,492
32108,1.5251e+06,432
32133,2.2822e+06,452
32158,2.2866e+06,491
32175,1.5229e+06,424
32200,2.2806e+06,456
32217,1.5298e+06,480
32242,2.2911e+06,427
32267,2.2961e+06,467
32284,1.5333e+06,465
32309,2.2908e+06,431
32334,2.2933e+06,473
32351,1.5332e+06,455
32376,2.301e+06,437
32401,2.292e+06,483
32418,1.5308e+06,247
32443,2.2978e+06,448
32468,2.296e+06,489
32485,1.5344e+06,426
32510,2.3088e+06,458
32527,1.5429e+06,479
32552,2.3039e+06,425
32577,2.2918e+06,469
32594,1.538e+06,466
32619,2.3088e+06,433
32644,2.3221e+06,472
32661,1.5434e+06,451
32686,2.3095e+06,436
32711,2.316e+06,485
32728,1.5505e+06,438
32753,2.3257e+06,450
32778,2.3166e+06,503
32795,1.5393e+06,431
32820,2.3204e+06,463
32837,1.5399e+06,484
32862,2.3139e+06,424
32887,2.3169e+06,471
32904,1.5471e+06,462
32929,2.317e+06,434
32954,2.3251e+06,478
32971,1.548e+06,450
32996,2.3364e+06,440
33021,2.3168e+06,490
33038,1.5542e+06,434
33063,2.3337e+06,453
33081,1.5406e+06,490
33105,2.3166e+06,422
33130,2.3178e+06,465
33147,1.5523e+06,474
33172,2.3267e+06,426
33199,2.3322e+06,470
33218,1.5499e+06,464
33243,2.3368e+06,430
33268,2.283e+06,479
33285,1.5535e+06,451
33310,2.3277e+06,442
33335,2.3211e+06,489
33352,1.5532e+06,433
33377,2.3365e+06,450
33402,2.3431e+06,489
33419,1.5563e+06,422
33444,2.3339e+06,457
33461,1.56e+06,481
33486,2.339e+06,428
33511,2.3417e+06,467
33528,1.5421e+06,467
33553,2.346e+06,434
33578,2.3407e+06,473
33595,1.563e+06,458
33620,2.3253e+06,436
33645,2.3451e+06,481
33662,1.5703e+06,445
33687,2.3585e+06,447
33712,2.3607e+06,477
33729,1.5734e+06,443
33754,2.3487e+06,463
33779,2.3628e+06,492
33796,1.5728e+06,424
33821,2.3622e+06,453
33838,1.5818e+06,483
33863,2.3732e+06,425
33888,2.3654e+06,469
33905,1.5793e+06,462
33930,2.3825e+06,438
33955,2.3732e+06,476
33972,1.5802e+06,448
33997,2.3745e+06,442
34022,2.3763e+06,542
34039,1.5944e+06,440
34064,2.3701e+06,446
34089,2.3757e+06,493
34106,1.5846e+06,423
34131,2.3917e+06,457
34148,1.5834e+06,617
34173,2.382e+06,423
34198,2.3783e+06,469
34215,1.5967e+06,464
34240,2.3866e+06,439
34265,2.3863e+06,478
34282,1.5878e+06,450
34307,2.3878e+06,438
34332,2.3846e+06,484
34349,1.6016e+06,435
34374,2.3662e+06,452
34392,1.5868e+06,489
34416,2.3863e+06,426
34441,2.3892e+06,463
34458,1.5847e+06,469
34483,2.3937e+06,428
34508,2.3908e+06,470
34525,1.5909e+06,462
34550,2.3856e+06,426
34575,2.3993e+06,479
34592,1.5918e+06,447
34617,2.404e+06,435
34642,2.3919e+06,492
34659,1.5909e+06,435
34684,2.3944e+06,448
34709,2.3946e+06,497
34726,1.5991e+06,429
34752,2.3966e+06,450
34770,1.601e+06,487
34794,2.411e+06,422
34819,2.4006e+06,474
34836,1.609e+06,469
34861,2.4054e+06,432
34886,2.4016e+06,472
34903,1.6039e+06,454
34928,2.4073e+06,438
34953,2.4089e+06,481
34970,1.603e+06,436
34995,2.4454e+06,448
35020,2.4084e+06,489
35037,1.6062e+06,434
35062,2.4197e+06,451
35080,1.612e+06,489
35104,2.4176e+06,423
35129,2.414e+06,466
35146,1.6079e+06,469
35171,2.4175e+06,427
35196,2.4222e+06,473
35213,1.6018e+06,453
35238,2.4245e+06,439
35263,2.4221e+06,532
35280,1.5664e+06,441
35305,2.4239e+06,444
35330,2.4328e+06,488
35347,1.6193e+06,428
35372,2.4268e+06,452
35390,1.6232e+06,489
35414,2.4334e+06,421
35439,2.425e+06,466
35456,1.6133e+06,465
35481,2.436e+06,434
35506,2.4377e+06,478
35523,1.631e+06,451
35548,2.4468e+06,446
35573,2.437e+06,487
35590,1.6258e+06,435
35615,2.4359e+06,451
35633,1.6267e+06,489
35657,1.6313e+06,420
35682,2.4482e+06,461
35699,1.6416e+06,476
35724,2.4569e+06,428
35749,2.4603e+06,474
35766,1.6359e+06,458
35791,2.4535e+06,438
35816,2.4582e+06,480
35833,1.6393e+06,446
35858,2.4571e+06,446
35883,2.465e+06,489
35900,1.6393e+06,434
35925,2.4561e+06,449
35943,1.6455e+06,497
35967,1.6362e+06,417
35992,2.4686e+06,460
36009,1.6456e+06,474
36034,2.4671e+06,429
36059,2.4766e+06,473
36076,1.644e+06,461
36101,2.4652e+06,435
36126,2.469e+06,482
36143,1.6463e+06,439
36168,2.4743e+06,445
36193,2.4698e+06,489
36210,1.6537e+06,430
36235,2.4771e+06,456
36253,1.6511e+06,489
36277,2.4835e+06,422
36302,2.4798e+06,471
36319,1.6506e+06,471
36344,2.4793e+06,426
36369,2.5103e+06,474
36386,1.6616e+06,459
36411,2.4841e+06,435
36436,2.4869e+06,484
36453,1.6553e+06,443
36478,2.4877e+06,444
36503,2.4842e+06,486
36520,1.6657e+06,430
36545,2.4865e+06,456
36563,1.6617e+06,487
36587,2.4937e+06,420
36612,2.4921e+06,465
36629,1.6567e+06,465
36654,2.4965e+06,471
36679,2.4958e+06,476
36696,1.6655e+06,454
36721,2.4989e+06,437
36746,2.5024e+06,482
36763,1.6613e+06,443
36788,2.4897e+06,450
36813,2.4877e+06,489
36830,1.6664e+06,426
36855,2.4971e+06,459
36873,1.6678e+06,485
36897,2.5021e+06,422
36922,2.4936e+06,469
36939,1.6695e+06,461
36964,2.5064e+06,430
36989,2.5136e+06,476
37006,1.6813e+06,452
37031,2.513e+06,447
37056,2.5102e+06,483
37073,1.6773e+06,438
37098,2.513e+06,446
37123,2.5103e+06,490
37140,1.6782e+06,420
37165,2.5101e+06,456
37182,1.6828e+06,486
37207,2.5136e+06,422
37232,2.5231e+06,468
37249,1.6763e+06,464
37274,2.5129e+06,435
37299,2.5187e+06,476
37316,1.6791e+06,449
37341,2.5219e+06,446
37366,2.516e+06,536
37383,1.6807e+06,442
37408,2.5196e+06,445
37433,2.5246e+06,493
37450,1.6869e+06,427
37475,2.5211e+06,458
37493,1.673e+06,485
37517,1.6848e+06,416
37542,2.5255e+06,465
37559,1.6811e+06,474
37584,2.5417e+06,431
37609,2.5333e+06,477
37626,1.6933e+06,448
37652,2.5466e+06,446
37677,2.5486e+06,483
37694,1.7113e+06,438
37719,2.5578e+06,456
37744,2.5581e+06,492
37761,1.7085e+06,428
37786,2.5748e+06,453
37803,1.7182e+06,482
37828,2.58e+06,424
37853,2.5803e+06,471
37870,1.7184e+06,465
37895,2.5865e+06,428
37920,2.5883e+06,475
37937,1.7319e+06,457
37962,2.5949e+06,434
37987,2.5903e+06,481
38004,1.729e+06,443
38029,2.5965e+06,442
38054,2.5818e+06,496
38071,1.7426e+06,427
38096,2.5955e+06,454
38113,1.7388e+06,482
38138,2.6067e+06,422
38163,2.6048e+06,465
38180,1.7339e+06,474
38205,2.6024e+06,431
38230,2.5995e+06,474
38247,1.7334e+06,462
38272,2.6073e+06,439
38297,2.6026e+06,481
38314,1.7405e+06,442
38339,2.6045e+06,448
38364,2.609e+06,493
38381,1.7427e+06,422
38406,2.607e+06,457
38423,1.7423e+06,486
38448,2.6111e+06,423
38473,2.6111e+06,470
38490,1.7504e+06,464
38515,2.6205e+06,431
38540,2.6197e+06,485
38557,1.7475e+06,446
38582,2.619e+06,447
38607,2.6273e+06,486
38624,1.7481e+06,434
38649,2.612e+06,453
38667,1.7533e+06,486
38691,2.6299e+06,419
38716,2.6274e+06,466
38733,1.7518e+06,469
38758,2.6436e+06,432
38783,2.6285e+06,476
38800,1.7552e+06,691
38825,2.6294e+06,435
38850,2.6333e+06,484
38867,1.7663e+06,443
38892,2.6361e+06,445
38917,2.6481e+06,490
38934,1.7675e+06,427
38959,2.6562e+06,455
38977,1.7785e+06,489
39001,2.6433e+06,421
39026,2.6515e+06,464
39043,1.7665e+06,469
39068,2.6595e+06,432
39093,2.6527e+06,471
39110,1.7708e+06,458
39135,2.6562e+06,433
39160,2.6533e+06,476
39177,1.7727e+06,455
39202,2.6576e+06,439
39227,2.6534e+06,481
39244,1.7729e+06,447
39269,2.6586e+06,445
39294,2.6591e+06,494
39311,1.7826e+06,428
39336,2.6651e+06,465
39354,1.7817e+06,484
39378,2.6645e+06,420
39403,2.6738e+06,466
39420,1.781e+06,458
39445,2.6659e+06,432
39470,2.6598e+06,462
39487,1.7936e+06,459
39512,2.6803e+06,436
39537,2.6793e+06,477
39554,1.7956e+06,450
39579,2.6859e+06,440
39604,2.6939e+06,491
39621,1.7969e+06,434
39646,2.6919e+06,442
39671,2.6892e+06,494
39688,1.7944e+06,424
39713,2.7048e+06,455
39730,1.7991e+06,484
39755,2.6948e+06,428
39780,2.7093e+06,470
39797,1.798e+06,459
39822,2.7001e+06,443
39847,2.7187e+06,491
39864,1.7947e+06,445
39889,2.7085e+06,435
39914,2.7109e+06,488
39931,1.8044e+06,439
39956,2.7177e+06,455
39974,1.8077e+06,492
39998,2.7243e+06,464
40023,2.7307e+06,464
40040,1.8221e+06,471
40065,2.7389e+06,433
40090,2.7403e+06,475
40107,1.8322e+06,455
40132,2.7437e+06,436
40157,2.743e+06,476
40174,1.8269e+06,446
40199,2.7346e+06,443
40224,2.7491e+06,487
40241,1.8329e+06,435
40266,2.7543e+06,450
40284,1.8238e+06,490
40308,1.8279e+06,421
40333,2.7529e+06,463
40350,1.8329e+06,473
40375,2.7465e+06,560
40400,2.7557e+06,470
40417,1.8441e+06,457
40442,2.756e+06,441
40467,2.7527e+06,486
40484,1.8416e+06,438
40509,2.7467e+06,447
40534,2.7514e+06,496
40551,1.8329e+06,428
40576,2.7569e+06,451
40593,1.8428e+06,482
40618,2.7554e+06,421
40643,2.7517e+06,463
40660,1.8441e+06,473
40685,2.7641e+06,420
40710,2.7594e+06,474
40727,1.8423e+06,459
40752,2.7651e+06,437
40777,2.7625e+06,484
40794,1.8402e+06,2.1475e+09
40819,2.7709e+06,448
40844,2.7579e+06,493
40861,1.8531e+06,422
40886,2.7642e+06,459
40903,1.8918e+06,481
40928,2.7599e+06,424
40953,2.7662e+06,470
40970,1.8402e+06,464
40995,2.7678e+06,437
41020,2.7746e+06,479
41037,1.8495e+06,447
41062,2.7633e+06,444
41087,2.7704e+06,482
41104,1.848e+06,446
41129,2.7789e+06,454
41147,1.8505e+06,486
41171,2.7766e+06,423
41196,2.7921e+06,466
41213,1.8543e+06,469
41238,2.78e+06,433
41263,2.7934e+06,473
41280,1.8615e+06,456
41305,2.7953e+06,440
41330,2.7842e+06,485
41347,1.8525e+06,438
41372,2.7946e+06,453
41397,2.7932e+06,487
41414,1.8607e+06,428
41439,2.7881e+06,461
41457,1.8586e+06,487
41481,2.7926e+06,429
41506,2.8043e+06,463
41523,1.8585e+06,469
41548,2.8079e+06,432
41573,2.8079e+06,467
41590,1.8766e+06,458
41615,2.803e+06,434
41640,2.8344e+06,476
41657,1.8792e+06,455
41682,2.7669e+06,439
41707,2.7838e+06,489
41724,1.8718e+06,439
41749,2.8224e+06,444
41774,2.813e+06,491
41791,1.8758e+06,428
41816,2.8133e+06,451
41834,1.8818e+06,485
41858,2.8164e+06,421
41883,2.8065e+06,466
41900,1.8808e+06,467
41925,2.8204e+06,431
41950,2.8246e+06,467
41967,1.8743e+06,454
41992,2.8175e+06,437
42017,2.8157e+06,490
42034,1.8784e+06,441
42059,2.8253e+06,447
42084,2.8257e+06,489
42101,1.8872e+06,433
42126,2.8266e+06,451
42151,2.828e+06,491
42168,1.8807e+06,423
42193,2.8194e+06,458
42210,1.877e+06,478
42235,2.8293e+06,427
42260,2.8407e+06,469
42277,1.8837e+06,457
42302,2.8355e+06,439
42327,2.8498e+06,488
42344,1.8942e+06,439
42369,2.8359e+06,443
42394,2.8453e+06,493
42411,1.898e+06,429
42436,2.8392e+06,457
42454,1.9029e+06,484
42478,2.857e+06,421
42503,2.8486e+06,464
42520,1.8937e+06,471
42545,2.8491e+06,422
42570,2.8574e+06,473
42587,1.9108e+06,455
42612,2.8671e+06,436
42637,2.8623e+06,479
42654,1.9058e+06,445
42679,2.8706e+06,442
42704,2.8637e+06,490
42721,1.9184e+06,436
42746,2.85e+06,451
42764,1.9027e+06,490
42788,1.9069e+06,416
42813,2.8562e+06,463
42830,1.9087e+06,476
42855,2.8673e+06,430
42880,2.87e+06,463
42897,1.9056e+06,457
42922,2.8599e+06,445
42947,2.8697e+06,486
42964,1.9149e+06,439
42989,2.872e+06,446
43014,2.8748e+06,494
43031,1.9141e+06,427
43056,2.8828e+06,453
43073,1.9193e+06,474
43098,2.8758e+06,421
43123,2.8876e+06,466
43140,1.9151e+06,484
43165,2.8811e+06,427
43190,2.881e+06,473
43207,1.928e+06,464
43232,2.8902e+06,436
43257,2.8857e+06,481
43274,1.9262e+06,440
43299,2.8858e+06,448
43324,2.8876e+06,494
43341,1.9253e+06,421
43367,2.8891e+06,459
43384,1.9196e+06,478
43409,2.9031e+06,426
43434,2.8953e+06,470
43451,1.9273e+06,463
43476,2.9033e+06,434
43501,2.9024e+06,477
43518,1.9448e+06,450
43543,2.9096e+06,439
43568,2.8998e+06,485
43585,1.941e+06,439
43610,2.9164e+06,450
43635,2.9122e+06,499
43652,1.9398e+06,424
43677,2.9036e+06,459
43694,1.9433e+06,477
43719,2.9131e+06,426
43744,2.9037e+06,467
43764,1.953e+06,460
43790,2.9265e+06,432
43815,2.9268e+06,479
43832,1.9462e+06,448
43857,2.9322e+06,445
43882,2.9197e+06,490
43899,1.9567e+06,434
43924,2.9252e+06,450
43942,1.9511e+06,489
43966,1.9491e+06,418
43991,2.9221e+06,461
44008,1.9525e+06,472
44033,2.9249e+06,431
44058,2.9196e+06,477
44075,1.9514e+06,450
44100,2.9344e+06,438
44125,2.9641e+06,484
44142,1.9574e+06,440
44167,2.945e+06,443
44192,2.9492e+06,491
44209,1.9727e+06,428
44234,2.9578e+06,462
44251,1.9844e+06,486
44276,2.9682e+06,423
44301,2.9599e+06,470
44318,1.9759e+06,468
44343,2.9655e+06,435
44368,2.9618e+06,482
44385,1.9732e+06,444
44410,2.9763e+06,442
44435,2.9726e+06,4.295e+09
44452,1.6126e+09,431
44477,2.9728e+06,455
44494,1.9744e+06,476
44519,2.971e+06,427
44544,2.9801e+06,473
44561,1.9789e+06,458
44586,2.9767e+06,439
44611,2.969e+06,486
44628,1.9833e+06,441
44653,2.9797e+06,454
44679,2.9755e+06,488
44696,1.9828e+06,432
44721,2.9834e+06,450
44739,1.9835e+06,487
44763,1.9898e+06,417
44788,2.9759e+06,464
44805,1.9875e+06,471
44830,2.9803e+06,429
44855,2.9813e+06,475
44872,1.9901e+06,452
44897,2.9721e+06,440
44922,2.9845e+06,486
44939,1.9929e+06,439
44964,2.9848e+06,447
44989,2.9874e+06,496
45006,1.9842e+06,424
45031,2.9815e+06,456
45048,1.9939e+06,516
45073,2.9768e+06,425
45098,2.9855e+06,469
45115,1.9942e+06,465
45140,2.9846e+06,451
45165,2.9866e+06,480
45182,1.9945e+06,452
45207,3.0013e+06,441
45232,2.9918e+06,486
45249,1.9906e+06,433
45274,2.992e+06,452
45292,1.9992e+06,491
45316,3.0015e+06,423
45341,2.993e+06,483
45358,2.0008e+06,473
45383,3.0093e+06,427
45408,3.0034e+06,475
45425,2.0181e+06,468
45450,3.027e+06,432
45475,3.0251e+06,479
45492,2.0085e+06,447
45517,3.0289e+06,442
45542,3.0267e+06,485
45559,2.0116e+06,435
45584,3.0196e+06,447
45609,3.0221e+06,491
45626,2.0118e+06,429
45651,3.0232e+06,453
45676,3.0269e+06,489
45693,2.019e+06,429
45718,3.031e+06,454
45735,2.0187e+06,488
45760,3.0185e+06,427
45785,3.0234e+06,460
45802,2.0199e+06,468
45827,3.0321e+06,429
45852,3.0333e+06,472
45869,2.0231e+06,458
45894,3.0236e+06,440
45919,3.0297e+06,484
45936,2.019e+06,437
45961,3.0234e+06,449
45986,3.032e+06,493
46003,2.0278e+06,427
46028,3.0408e+06,455
46045,2.015e+06,482
46070,3.0414e+06,421
46095,3.0329e+06,465
46112,2.0259e+06,470
46137,3.0389e+06,429
46162,3.037e+06,474
46179,2.0246e+06,457
46204,3.0427e+06,436
46229,3.0503e+06,482
46246,2.0241e+06,440
46271,3.0378e+06,447
46296,3.0479e+06,494
46313,2.0303e+06,414
46338,3.0326e+06,457
46355,2.0253e+06,478
46380,3.0335e+06,427
46405,3.0327e+06,469
46422,2.0338e+06,463
46447,3.0453e+06,436
46472,3.046e+06,480
46489,2.0322e+06,446
46514,3.042e+06,445
46539,3.0435e+06,484
46556,2.0334e+06,434
46581,3.0417e+06,453
46599,2.0268e+06,486
46623,3.041e+06,419
46648,3.0513e+06,459
46665,2.0373e+06,462
46690,3.0496e+06,431
46715,3.05e+06,485
46732,2.0361e+06,456
46757,3.043e+06,440
46782,3.0542e+06,485
46799,2.0382e+06,439
46824,3.0605e+06,453
46849,3.0653e+06,495
46866,2.0379e+06,423
46891,3.0724e+06,450
46908,2.0359e+06,481
46933,3.0572e+06,423
46958,3.0611e+06,470
46975,2.042e+06,467
47000,3.0591e+06,438
47025,3.0515e+06,472
47042,2.0385e+06,450
47067,3.0508e+06,448
47092,3.0668e+06,482
47109,2.0437e+06,435
47134,3.0599e+06,449
47159,3.0576e+06,492
47176,2.0426e+06,430
47201,3.06e+06,452
47218,2.035e+06,484
47243,3.0569e+06,425
47268,3.0629e+06,477
47285,2.0472e+06,463
47310,3.061e+06,437
47335,3.0637e+06,478
47353,2.0426e+06,448
47378,3.0617e+06,443
47403,3.0507e+06,486
47420,2.0389e+06,436
47445,3.0561e+06,447
47470,3.0751e+06,493
47487,2.0447e+06,425
47512,3.0755e+06,586
47529,2.0488e+06,489
47554,3.0666e+06,426
47579,3.0693e+06,465
47596,2.0519e+06,464
47621,3.0716e+06,434
47646,3.0751e+06,476
47663,2.0454e+06,453
47688,3.0545e+06,439
47713,3.074e+06,495
47730,2.0493e+06,437
47755,3.0751e+06,449
47780,3.0758e+06,495
47797,2.0536e+06,426
47822,3.0736e+06,460
47840,2.0553e+06,479
47864,3.1285e+06,419
47889,3.0794e+06,466
47906,2.0552e+06,469
47931,3.0776e+06,429
47956,3.0808e+06,471
47973,2.0596e+06,457
47998,3.0868e+06,437
48023,3.0855e+06,481
48040,2.0578e+06,448
48065,3.0901e+06,438
48090,3.0913e+06,488
48107,2.0594e+06,431
48132,3.1031e+06,451
48150,2.0642e+06,486
48174,3.0868e+06,435
48199,3.0919e+06,475
48216,2.0594e+06,470
48241,3.0991e+06,431
48266,3.0928e+06,473
48283,2.0575e+06,459
48308,3.096e+06,435
48333,3.1e+06,487
48350,2.083e+06,441
48375,3.1111e+06,450
48400,3.1006e+06,490
48417,2.064e+06,430
48442,3.1084e+06,451
48460,2.0745e+06,486
48484,3.1198e+06,423
48509,3.1159e+06,465
48526,2.085e+06,464
48551,3.1273e+06,448
48576,3.1289e+06,475
48593,2.0869e+06,455
48618,3.1228e+06,438
48643,3.1261e+06,486
48660,2.078e+06,451
48685,3.1299e+06,442
48710,3.1124e+06,488
48727,2.0808e+06,427
48752,3.1265e+06,455
48770,2.0805e+06,488
48794,3.1287e+06,421
48819,3.1262e+06,470
48836,2.0922e+06,408
48861,3.126e+06,434
48886,3.1287e+06,475
48903,2.0794e+06,455
48928,3.1268e+06,436
48953,3.1249e+06,483
48970,2.0888e+06,469
48995,3.1381e+06,493
49013,2.091e+06,489
49037,2.0983e+06,420
49062,3.1502e+06,460
49079,2.0904e+06,478
49104,3.1386e+06,425
49129,3.1489e+06,467
49146,2.0931e+06,460
49171,3.14e+06,437
49196,3.1495e+06,482
49213,2.0989e+06,446
49238,3.144e+06,442
49263,3.1429e+06,487
49280,2.1007e+06,431
49305,3.1617e+06,450
49323,2.1001e+06,491
49347,2.1078e+06,418
49372,3.1534e+06,460
49389,2.1058e+06,475
49414,3.1488e+06,429
49439,3.1562e+06,472
49456,2.1053e+06,463
49481,3.1572e+06,497
49506,3.1615e+06,483
49523,2.1035e+06,444
49548,3.1562e+06,445
49573,3.161e+06,490
49590,2.1095e+06,434
49615,3.1575e+06,454
49633,2.1101e+06,488
49657,3.1693e+06,422
49682,3.1772e+06,464
49699,2.1095e+06,471
49724,3.1613e+06,427
49749,3.1649e+06,475
49766,2.1046e+06,459
49791,3.1744e+06,438
49816,3.1697e+06,488
49833,2.1167e+06,443
49858,3.167e+06,446
49883,3.1747e+06,499
49900,2.1175e+06,432
49925,3.1775e+06,454
49943,2.1275e+06,493
49967,3.1738e+06,419
49992,3.1761e+06,464
50009,2.122e+06,466
50034,3.1669e+06,431
50059,3.1778e+06,473
50076,2.1158e+06,457
50101,3.1692e+06,404
50126,3.1841e+06,483
50143,2.1222e+06,441
50168,3.1751e+06,452
50193,3.1787e+06,488
50210,2.1158e+06,439
50235,3.1931e+06,455
50253,2.1231e+06,485
50277,3.1806e+06,418
50302,3.1799e+06,466
50319,2.1185e+06,467
50344,3.1816e+06,427
50369,3.186e+06,474
50386,2.1191e+06,445
50411,3.1903e+06,442
50436,3.1807e+06,484
50453,2.1249e+06,429
50478,3.1874e+06,445
50503,3.1902e+06,490
50520,2.1186e+06,428
50545,3.1894e+06,455
50563,2.1304e+06,495
50587,3.1942e+06,424
50612,3.1967e+06,464
50629,2.1272e+06,472
50654,3.185e+06,438
50679,3.1888e+06,478
50696,2.1312e+06,450
50721,3.2026e+06,445
50746,3.1952e+06,482
50763,2.1295e+06,481
50788,3.2099e+06,448
50813,3.2044e+06,492
50830,2.1344e+06,427
50855,3.2042e+06,459
50872,2.1452e+06,474
50897,3.223e+06,424
50922,3.2203e+06,468
50939,2.1473e+06,466
50964,3.22e+06,432
50989,3.2211e+06,475
51006,2.1443e+06,449
51031,3.2288e+06,447
51056,3.2308e+06,491
51073,2.1543e+06,431
51098,3.2208e+06,454
51116,2.1445e+06,490
51140,3.2219e+06,419
51165,3.2284e+06,463
51182,2.1489e+06,466
51207,3.2225e+06,436
51232,3.2234e+06,472
51249,2.1429e+06,454
51274,3.2252e+06,435
51299,3.2284e+06,479
51316,2.1645e+06,448
51341,3.2292e+06,445
51366,3.2293e+06,490
51383,2.1595e+06,428
51408,3.2305e+06,455
51426,2.1568e+06,488
51450,3.2368e+06,419
51475,3.2292e+06,466
51492,2.1633e+06,465
51517,3.2391e+06,433
51542,3.2408e+06,479
51559,2.1546e+06,445
51584,3.2343e+06,445
51609,3.24e+06,488
51626,2.1636e+06,436
51651,3.2411e+06,448
51669,2.1638e+06,496
51693,2.1625e+06,419
51718,3.2412e+06,456
51735,2.1633e+06,479
51760,3.25e+06,426
51785,3.2483e+06,472
51802,2.1646e+06,458
51827,3.2516e+06,432
51852,3.2516e+06,479
51869,2.1672e+06,441
51894,3.2522e+06,454
51919,3.2547e+06,492
51936,2.1619e+06,429
51961,3.2482e+06,452
51978,2.1697e+06,481
52003,3.2537e+06,428
52028,3.2524e+06,464
52045,2.1731e+06,471
52070,3.2543e+06,430
52095,3.2576e+06,473
52112,2.1722e+06,460
52137,3.2567e+06,442
52162,3.2621e+06,479
52179,2.1677e+06,444
52204,3.2642e+06,452
52229,3.2624e+06,490
52246,2.1769e+06,428
52271,3.2606e+06,451
52289,2.178e+06,485
52313,3.2607e+06,410
52338,3.2606e+06,465
52355,2.1845e+06,470
52380,3.2674e+06,427
52405,3.2568e+06,474
52422,2.1784e+06,455
52447,3.2706e+06,439
52472,3.2657e+06,485
52489,2.1759e+06,433
52514,3.2669e+06,449
52539,3.2764e+06,491
52556,2.1801e+06,422
52581,3.2725e+06,459
52598,2.1883e+06,479
52623,3.2619e+06,427
52648,3.2675e+06,472
52665,2.1775e+06,458
52690,3.269e+06,440
52715,3.2775e+06,436
52732,2.1793e+06,443
52757,3.2793e+06,447
52782,3.275e+06,482
52799,2.181e+06,435
52824,3.2694e+06,451
52842,2.1845e+06,491
52866,2.1774e+06,419
52891,3.2651e+06,462
52908,2.1739e+06,471
52933,3.288e+06,431
52958,3.2732e+06,477
52975,2.1823e+06,454
53000,3.277e+06,440
53025,3.278e+06,479
53042,2.1828e+06,446
53067,3.2748e+06,447
53092,3.2783e+06,494
53109,2.1838e+06,428
53134,3.2816e+06,456
53151,2.1819e+06,484
53176,3.2713e+06,432
53201,3.2795e+06,467
53218,2.1778e+06,469
53243,3.2883e+06,430
53268,3.2839e+06,471
53285,2.1883e+06,458
53310,3.2788e+06,432
53335,3.2841e+06,495
53352,2.1813e+06,446
53377,3.2794e+06,444
53402,3.2739e+06,489
53419,2.1896e+06,431
53444,3.291e+06,457
53462,2.195e+06,489
53486,2.201e+06,419
53511,3.2974e+06,465
53528,2.1954e+06,472
53553,3.3039e+06,431
53578,3.2977e+06,487
53595,2.1933e+06,452
53620,3.3024e+06,440
53645,3.3146e+06,486
53662,2.2055e+06,430
53687,3.3086e+06,454
53712,3.3067e+06,494
53729,2.209e+06,414
53754,3.3141e+06,456
53771,2.213e+06,477
53796,3.316e+06,429
53821,3.3101e+06,468
53838,2.2135e+06,463
53863,3.3205e+06,432
53888,3.3186e+06,479
53905,2.2132e+06,447
53930,3.3266e+06,449
53955,3.2969e+06,491
53972,2.2079e+06,424
53997,3.3233e+06,461
54015,2.2141e+06,483
54039,3.3161e+06,419
54064,3.3163e+06,462
54081,2.2122e+06,472
54106,3.3253e+06,433
54131,3.3205e+06,479
54148,2.2102e+06,453
54173,3.3196e+06,442
54198,3.326e+06,485
54215,2.2184e+06,438
54240,3.3236e+06,447
54265,3.322e+06,489
54282,2.2169e+06,428
54307,3.3302e+06,454
54324,2.2145e+06,482
54349,3.3268e+06,400
54374,3.3246e+06,468
54391,2.2275e+06,468
54416,3.3326e+06,433
54441,3.3275e+06,472
54458,2.2163e+06,456
54483,3.3302e+06,439
54508,3.3371e+06,484
54525,2.2244e+06,447
54550,3.3375e+06,391
54575,3.336e+06,493
54592,2.2216e+06,433
54617,3.338e+06,454
54634,2.2283e+06,488
54659,3.3474e+06,432
54684,3.3433e+06,464
54701,2.2226e+06,471
54726,3.331e+06,429
54751,3.3399e+06,475
54768,2.2297e+06,451
54793,3.3463e+06,455
54818,3.3427e+06,480
54835,2.2269e+06,443
54860,3.3475e+06,454
54885,3.3417e+06,552
54902,2.2263e+06,423
54927,3.3391e+06,450
54945,2.2268e+06,491
54969,2.2284e+06,420
54994,3.3377e+06,464
55011,2.2281e+06,471
55036,3.3463e+06,432
55061,3.3484e+06,481
55078,2.2371e+06,455
55103,3.3438e+06,435
55128,3.3469e+06,486
55145,2.2314e+06,440
55170,3.3382e+06,454
55188,2.2369e+06,491
55212,3.3483e+06,421
55237,3.365e+06,460
55254,2.2306e+06,474
55279,3.3659e+06,429
55304,3.3597e+06,470
55321,2.2409e+06,461
55346,3.3591e+06,431
55371,3.361e+06,594
55388,2.2333e+06,447
55413,3.3637e+06,446
55438,3.3526e+06,490
55455,2.2385e+06,429
55480,3.356e+06,455
55498,2.2445e+06,486
55522,3.3584e+06,423
55547,3.3629e+06,463
55564,2.2389e+06,471
55589,3.3598e+06,438
55614,3.3627e+06,473
55631,2.2433e+06,456
55656,3.364e+06,438
55681,3.3607e+06,483
55698,2.2441e+06,442
55723,3.3635e+06,446
55748,3.3675e+06,486
55765,2.2494e+06,426
55790,3.3736e+06,454
55807,2.2461e+06,482
55832,3.3645e+06,430
55857,3.3734e+06,599
55874,2.2492e+06,459
55899,3.3782e+06,434
55924,3.3773e+06,467
55941,2.2459e+06,451
55966,3.3689e+06,441
55991,3.3865e+06,484
56008,2.2515e+06,441
56033,3.3637e+06,458
56051,2.264e+06,493
56075,2.2501e+06,424
56100,3.3839e+06,453
56117,2.2525e+06,476
56142,3.3803e+06,429
56167,3.3879e+06,475
56184,2.2625e+06,458
56209,3.389e+06,433
56234,3.3885e+06,476
56251,2.2548e+06,454
56276,3.3893e+06,442
56301,3.3928e+06,486
56318,2.2651e+06,435
56343,3.3837e+06,452
56361,2.2616e+06,488
56385,3.3926e+06,422
56410,3.4002e+06,469
56427,2.2584e+06,471
56452,3.3968e+06,427
56477,3.4036e+06,468
56494,2.2658e+06,462
56519,3.4022e+06,430
56544,3.3999e+06,484
56561,2.2651e+06,441
56586,3.4077e+06,444
56611,3.3979e+06,491
56628,2.2666e+06,428
56653,3.4064e+06,458
56671,2.2783e+06,491
56695,3.4e+06,421
56720,3.4031e+06,462
56737,2.2715e+06,475
56762,3.4164e+06,424
56787,3.4101e+06,470
56804,2.2833e+06,462
56829,3.4114e+06,439
56854,3.4125e+06,484
56871,2.2713e+06,440
56896,3.4229e+06,454
56914,2.2785e+06,487
56938,2.2845e+06,420
56963,3.42e+06,466
56980,2.2776e+06,472
57005,3.4176e+06,428
57030,3.4168e+06,467
57047,2.2861e+06,465
57072,3.4192e+06,434
57097,3.4282e+06,474
57114,2.2787e+06,451
57139,3.4225e+06,441
57164,3.4168e+06,483
57181,2.282e+06,437
57206,3.4284e+06,445
57231,3.4285e+06,494
57248,2.288e+06,426
57273,3.4308e+06,458
57290,2.2916e+06,481
57315,3.4442e+06,423
57340,3.4373e+06,470
57357,2.2927e+06,463
57382,3.4435e+06,438
57407,3.4327e+06,473
57424,2.2989e+06,442
57449,3.4348e+06,450
57474,3.4407e+06,487
57491,2.298e+06,432
57516,3.4408e+06,444
57534,2.2968e+06,497
57558,2.2968e+06,420
57583,3.4303e+06,462
57600,2.3002e+06,474
57625,3.4466e+06,429
57650,3.4475e+06,466
57667,2.2958e+06,463
57692,3.4392e+06,431
57717,3.4427e+06,473
57734,2.3023e+06,455
57759,3.4409e+06,437
57784,3.4513e+06,490
57801,2.2974e+06,436
57826,3.4672e+06,449
57851,3.4504e+06,496
57868,2.3058e+06,422
57893,3.4541e+06,459
57910,2.3022e+06,480
57935,3.4495e+06,425
57960,3.4616e+06,472
57977,2.3029e+06,465
58002,3.4574e+06,435
58027,3.4673e+06,476
58044,2.3136e+06,449
58069,3.4584e+06,447
58094,3.4602e+06,487
58111,2.3063e+06,434
58136,3.4809e+06,462
58161,3.472e+06,494
58178,2.3116e+06,424
58203,3.474e+06,460
58220,2.3156e+06,480
58245,3.4824e+06,423
58270,3.4771e+06,462
58287,2.3224e+06,460
58312,3.485e+06,434
58337,3.4913e+06,480
58354,2.3226e+06,450
58379,3.483e+06,440
58404,3.4818e+06,485
58421,2.3214e+06,437
58446,3.4792e+06,450
58471,3.4797e+06,496
58488,4.2932e+09,424
58513,3.49e+06,456
58530,2.3269e+06,484
58555,3.4946e+06,425
58580,3.4912e+06,468
58597,2.3291e+06,588
58622,3.5013e+06,432
58647,3.4906e+06,478
58664,2.3342e+06,449
58689,3.5055e+06,441
58714,3.5014e+06,485
58731,2.3355e+06,443
58756,3.4975e+06,449
58781,3.5075e+06,489
58799,2.3382e+06,432
58827,3.501e+06,444
58845,2.3407e+06,490
58869,3.5094e+06,424
58894,3.513e+06,468
58911,2.3346e+06,467
58936,3.5126e+06,427
58961,3.5136e+06,527
58978,2.3451e+06,465
59003,3.5126e+06,436
59028,3.5134e+06,484
59045,2.3398e+06,443
59070,3.5172e+06,444
59095,3.5121e+06,499
59112,2.3358e+06,434
59137,3.5245e+06,458
59155,2.3431e+06,486
59179,3.5244e+06,419
59204,3.5173e+06,461
59221,2.3477e+06,625
59246,3.5174e+06,425
59271,3.5253e+06,478
59288,2.3409e+06,461
59313,3.5108e+06,437
59338,3.5241e+06,493
59355,2.3482e+06,438
59380,3.5293e+06,455
59398,2.3479e+06,495
59422,2.3498e+06,420
59447,3.5161e+06,469
59464,2.3536e+06,478
59489,3.5297e+06,429
59514,3.5315e+06,470
59531,2.3517e+06,465
59556,3.5368e+06,430
59581,3.5358e+06,474
59598,2.3481e+06,450
59623,3.5303e+06,444
59649,3.538e+06,488
59666,2.3556e+06,437
59691,3.5277e+06,452
59709,2.3586e+06,490
59733,2.3512e+06,420
59758,3.5379e+06,466
59775,2.3523e+06,474
59800,3.5354e+06,426
59825,3.537e+06,477
59842,2.3542e+06,455
59867,3.5468e+06,437
59892,3.5442e+06,482
59909,2.3638e+06,441
59934,3.555e+06,448
59960,3.534e+06,493
59977,2.3591e+06,426
60002,3.5462e+06,456
60020,2.3741e+06,484
60044,3.5444e+06,424
60069,3.5522e+06,464
60086,2.3639e+06,468
60111,3.558e+06,427
60136,3.5558e+06,476
60153,2.375e+06,457
60178,3.5538e+06,440
60203,3.5655e+06,470
60220,2.3783e+06,453
60245,3.5731e+06,440
60270,3.5583e+06,481
60287,2.3797e+06,443
60312,3.5708e+06,447
60337,3.5739e+06,494
60354,2.3828e+06,426
60379,3.5692e+06,462
60396,2.3806e+06,476
60421,3.573e+06,420
60446,3.5764e+06,468
60463,2.3874e+06,465
60488,3.5551e+06,436
60513,3.5332e+06,472
60530,4.2932e+09,457
60555,3.5801e+06,439
60580,3.5833e+06,488
60597,2.3885e+06,434
60622,3.5938e+06,452
60640,2.3939e+06,487
60664,3.5833e+06,424
60689,3.5886e+06,461
60706,2.3813e+06,473
60731,3.6119e+06,429
60756,3.5958e+06,470
60773,2.3931e+06,406
60798,3.602e+06,431
60823,3.5887e+06,480
60840,2.3988e+06,446
60865,3.5918e+06,504
60890,3.6032e+06,490
60907,2.4031e+06,435
60932,3.6157e+06,459
60950,2.3986e+06,487
60974,3.6039e+06,422
60999,3.6125e+06,463
61016,2.3978e+06,471
61041,3.6001e+06,432
61066,3.6138e+06,475
61083,2.4117e+06,456
61108,3.5812e+06,436
61133,3.6174e+06,482
61150,2.4135e+06,439
61175,3.6115e+06,476
61200,3.6128e+06,491
61217,2.411e+06,432
61242,3.6133e+06,454
61259,2.4123e+06,482
61284,3.6153e+06,424
61309,3.6398e+06,469
61326,2.4163e+06,466
61351,3.6307e+06,431
61376,3.629e+06,474
61393,2.4145e+06,453
61418,3.6206e+06,443
61443,3.6299e+06,481
61460,2.4236e+06,438
61485,3.6383e+06,438
61510,3.6395e+06,491
61527,2.4294e+06,435
61552,3.6419e+06,462
61569,2.4355e+06,481
61594,3.6427e+06,424
61619,3.6423e+06,469
61636,2.4369e+06,463
61662,3.6437e+06,437
61687,3.6531e+06,491
61704,2.4355e+06,441
61729,3.6605e+06,449
61754,3.6446e+06,494
61771,2.4295e+06,421
61796,3.654e+06,459
61813,2.4362e+06,478
61838,3.6528e+06,427
61863,3.6455e+06,467
61880,2.4398e+06,466
61905,3.6663e+06,435
61930,3.6505e+06,479
61947,2.448e+06,449
61972,3.6634e+06,442
61997,3.6709e+06,482
62014,2.4471e+06,440
62039,3.6766e+06,449
62057,2.4414e+06,489
62081,2.4442e+06,421
62106,3.6755e+06,464
62123,2.451e+06,472
62148,3.6531e+06,433
62173,3.6659e+06,472
62190,2.4509e+06,456
62215,3.6669e+06,438
62240,3.6759e+06,482
62257,2.4485e+06,441
62282,3.6737e+06,452
62307,3.673e+06,500
62324,2.4477e+06,431
62349,3.6853e+06,454
62366,2.4619e+06,483
62391,3.677e+06,373
62416,3.6731e+06,462
62433,2.4564e+06,472
62458,3.6823e+06,433
62483,3.6833e+06,472
62500,2.4589e+06,459
62525,4.2945e+09,410
62550,3.6987e+06,482
62567,2.4529e+06,444
62592,3.6918e+06,447
62617,3.6921e+06,493
62634,2.4619e+06,425
62659,3.6879e+06,455
62676,2.4673e+06,480
62701,3.6946e+06,425
62726,3.6946e+06,461
62743,2.4659e+06,471
62768,3.6977e+06,428
62793,3.6934e+06,473
62810,2.4598e+06,455
62835,3.7296e+06,435
62860,3.7049e+06,482
62877,2.4736e+06,440
62902,3.7146e+06,448
62927,3.7062e+06,497
62944,2.4769e+06,422
62969,3.7138e+06,453
62986,2.4795e+06,482
63011,3.7194e+06,427
63036,4.2818e+09,472
63053,2.4818e+06,457
63078,3.7215e+06,447
63103,3.733e+06,487
63120,2.479e+06,442
63145,3.72e+06,443
63170,3.7216e+06,487
63187,2.4816e+06,435
63212,3.7267e+06,455
63230,2.487e+06,488
63255,3.7307e+06,420
63280,3.7276e+06,464
63297,2.489e+06,468
63322,3.7258e+06,431
63347,3.7402e+06,476
63364,2.4768e+06,448
63389,3.7239e+06,452
63414,3.7337e+06,481
63431,2.4911e+06,436
63456,3.7375e+06,451
63474,2.4928e+06,496
63498,2.489e+06,423
63523,3.7468e+06,460
63540,2.4963e+06,471
63565,3.7446e+06,430
63590,3.7503e+06,469
63607,2.5024e+06,471
63632,3.7505e+06,430
63657,3.7531e+06,476
63674,2.4994e+06,455
63699,3.745e+06,448
63724,3.7477e+06,485
63741,2.5008e+06,437
63766,3.7591e+06,460
63784,2.5035e+06,487
63808,3.7577e+06,423
63833,3.7646e+06,469
63850,2.5095e+06,468
63875,3.7613e+06,427
63900,3.7589e+06,475
63917,2.5047e+06,455
63942,3.76e+06,440
63967,3.7669e+06,487
63984,2.511e+06,443
64009,3.7696e+06,444
64034,3.7719e+06,490
64051,2.5132e+06,430
64076,3.7685e+06,454
64094,2.5144e+06,486
64118,3.7692e+06,420
64143,3.7601e+06,467
64160,2.5081e+06,465
64185,3.7764e+06,436
64210,3.7706e+06,474
64227,2.5121e+06,455
64252,3.7675e+06,436
64277,3.7784e+06,482
64294,2.5154e+06,440
64319,3.7537e+06,451
64337,2.5197e+06,493
64361,2.5246e+06,421
64386,3.7834e+06,460
64403,2.5306e+06,476
64428,3.783e+06,434
64453,3.7867e+06,467
64470,2.5201e+06,466
64495,3.7962e+06,428
64520,3.7826e+06,476
64537,2.5269e+06,448
64562,3.7888e+06,444
64587,3.7853e+06,485
64604,2.5228e+06,438
64629,3.7879e+06,446
64654,3.7865e+06,498
64671,2.5275e+06,428
64696,3.7877e+06,582
64713,2.5328e+06,482
64738,3.791e+06,423
64763,3.7925e+06,468
64780,2.53e+06,463
64805,3.7942e+06,430
64830,3.807e+06,479
64847,2.5354e+06,459
64872,3.8022e+06,442
64897,3.8033e+06,485
64914,2.5383e+06,441
64939,3.7993e+06,448
64964,3.7995e+06,495
64981,2.5358e+06,419
65006,3.793e+06,454
65023,2.5348e+06,474
65048,3.8065e+06,424
65073,3.799e+06,469
65090,2.5387e+06,462
65115,3.8013e+06,435
65140,3.8046e+06,482
65157,2.5424e+06,443
65182,3.8149e+06,443
65207,3.8029e+06,492
65224,2.5334e+06,430
65249,3.8116e+06,454
65267,2.5422e+06,489
65291,3.8062e+06,420
65316,3.8067e+06,465
65333,2.5379e+06,463
65358,3.8012e+06,431
65383,3.8064e+06,476
65400,2.5458e+06,463
65425,3.81e+06,442
65450,3.8156e+06,490
65467,2.5442e+06,441
65492,3.8133e+06,450
65517,3.81e+06,489
65534,2.5488e+06,425
65559,3.8164e+06,455
65577,2.5467e+06,485
65601,3.8133e+06,421
65626,3.8197e+06,466
65643,2.5535e+06,1.8775e+09
65668,3.8117e+06,431
65693,3.8199e+06,476
65710,2.5496e+06,453
65735,3.82e+06,439
65760,3.8224e+06,485
65777,2.5511e+06,438
65802,3.814e+06,441
65827,3.8216e+06,497
65844,2.5528e+06,428
65869,3.8226e+06,453
65887,2.5428e+06,488
65911,3.8249e+06,424
65936,3.8244e+06,464
65953,2.5513e+06,472
65978,3.8172e+06,462
66003,3.8302e+06,476
66020,2.5534e+06,449
66045,3.8224e+06,440
66070,3.8251e+06,482
66087,2.555e+06,443
66112,3.8294e+06,456
66137,3.8245e+06,487
66154,2.5562e+06,427
66179,3.8385e+06,450
66196,2.5612e+06,481
66221,3.8246e+06,422
66246,3.8347e+06,469
66263,2.5515e+06,463
66288,3.8354e+06,434
66313,3.8352e+06,475
66330,2.5576e+06,450
66355,3.8353e+06,445
66380,3.8445e+06,492
66397,2.5566e+06,432
66422,3.8379e+06,457
66440,2.5586e+06,489
66464,3.8348e+06,422
66489,3.8383e+06,465
66506,2.559e+06,463
66531,3.8368e+06,434
66556,3.8454e+06,474
66573,2.56e+06,454
66598,3.8397e+06,435
66623,3.8368e+06,478
66640,2.5537e+06,446
66665,3.8487e+06,445
66690,3.8441e+06,495
66707,2.5601e+06,427
66732,3.839e+06,458
66750,2.5659e+06,485
66774,3.8449e+06,420
66799,3.8425e+06,468
66816,2.5689e+06,466
66841,3.8346e+06,434
66866,3.854e+06,479
66883,2.5744e+06,445
66908,3.8533e+06,446
66933,3.8622e+06,493
66950,2.5692e+06,434
66975,3.8581e+06,453
66993,2.5785e+06,488
67017,2.5773e+06,420
67042,3.8651e+06,456
67059,2.5757e+06,480
67084,3.8547e+06,425
67109,3.8718e+06,471
67126,2.5664e+06,464
67151,3.8668e+06,438
67176,3.862e+06,481
67193,2.5809e+06,452
67218,3.8817e+06,439
67243,3.8754e+06,484
67260,2.5819e+06,441
67285,3.8798e+06,454
67310,3.8773e+06,490
67327,2.5907e+06,430
67352,3.8845e+06,454
67370,2.5909e+06,484
67394,3.8909e+06,446
67419,3.8891e+06,456
67436,2.5895e+06,479
67461,3.8842e+06,422
67486,3.8919e+06,471
67503,2.5912e+06,460
67528,3.9109e+06,441
67553,3.8986e+06,477
67570,2.6115e+06,451
67595,3.9065e+06,438
67620,3.908e+06,481
67637,2.6055e+06,436
67662,3.906e+06,453
67687,3.9145e+06,829
67704,2.6065e+06,469
67729,3.9167e+06,458
67746,2.6169e+06,478
67771,3.9188e+06,430
67796,3.9233e+06,472
67813,2.6105e+06,457
67838,3.9175e+06,439
67863,3.9246e+06,486
67880,2.6108e+06,440
67906,3.9144e+06,451
67931,3.9124e+06,487
67948,2.6087e+06,434
67973,3.9218e+06,444
67991,2.6258e+06,483
68015,2.6205e+06,425
68040,3.9346e+06,464
68057,2.6253e+06,477
68082,3.9392e+06,424
68107,3.934e+06,467
68124,2.6276e+06,466
68149,3.9368e+06,428
68174,3.9372e+06,476
68191,2.6268e+06,451
68216,3.9445e+06,443
68241,3.9458e+06,488
68258,2.6323e+06,433
68283,3.9529e+06,457
68300,2.6362e+06,485
68325,3.9445e+06,420
68350,3.9516e+06,470
68367,2.6267e+06,466
68392,3.9532e+06,432
68417,3.9442e+06,477
68434,2.6294e+06,448
68459,3.9416e+06,445
68484,3.9543e+06,495
68501,2.6328e+06,439
68526,3.95e+06,450
68551,3.9477e+06,493
68568,2.6279e+06,430
68593,3.953e+06,453
68610,2.6377e+06,482
68635,3.9589e+06,425
68660,3.9618e+06,464
68677,2.6422e+06,466
68702,3.9713e+06,424
68727,3.9709e+06,474
68744,2.6504e+06,460
68769,3.9769e+06,428
68794,3.9835e+06,476
68811,2.6441e+06,441
68836,3.9698e+06,447
68861,3.9827e+06,496
68878,2.6529e+06,423
68903,3.9831e+06,458
68920,2.6624e+06,487
68945,3.9929e+06,428
68970,3.9904e+06,436
68987,2.6628e+06,464
69012,3.9993e+06,434
69037,4.0028e+06,475
69054,2.6646e+06,454
69079,4.0049e+06,440
69104,4.0003e+06,480
69121,2.6676e+06,448
69146,4.0043e+06,443
69171,4.0057e+06,494
69188,2.6763e+06,428
69213,4.0111e+06,460
69230,2.6755e+06,481
69255,3.977e+06,427
69280,4.0145e+06,471
69297,2.6768e+06,458
69322,4.0172e+06,439
69347,4.0233e+06,477
69364,2.683e+06,447
69389,4.0298e+06,439
69414,4.0233e+06,488
69431,2.6802e+06,443
69456,4.0293e+06,448
69474,2.6923e+06,495
69498,2.6953e+06,420
69523,4.0405e+06,459
69540,2.7003e+06,473
69565,4.0445e+06,425
69590,4.0597e+06,470
69607,2.6973e+06,460
69632,4.0532e+06,434
69657,4.0438e+06,469
69674,2.6984e+06,451
69699,4.0522e+06,442
69724,4.0601e+06,488
69741,2.7051e+06,432
69766,4.0505e+06,453
69784,2.6996e+06,491
69808,2.6969e+06,423
69833,4.0606e+06,471
69850,2.7017e+06,468
69875,4.0579e+06,431
69900,4.0619e+06,472
69917,2.7115e+06,459
69942,4.0657e+06,433
69967,4.0678e+06,477
69984,2.7106e+06,443
70009,4.0735e+06,442
70034,4.0773e+06,487
70051,2.7119e+06,430
70076,4.0715e+06,450
70094,2.7155e+06,489
70118,2.7197e+06,420
70143,4.0763e+06,461
70160,2.7154e+06,473
70185,4.0731e+06,423
70210,4.0713e+06,472
70227,2.7181e+06,458
70252,4.086e+06,639
70277,4.0827e+06,488
70294,2.7203e+06,435
70319,4.0864e+06,451
70337,2.7223e+06,488
70361,2.7189e+06,419
70386,4.096e+06,461
70403,2.7312e+06,541
70428,4.0843e+06,428
70453,4.0828e+06,470
70470,2.7302e+06,457
70495,4.0821e+06,440
70520,4.0979e+06,483
70538,2.7247e+06,444
70566,4.0938e+06,443
70591,4.0944e+06,974
70608,2.7303e+06,438
70633,4.1049e+06,448
70651,2.735e+06,490
70675,2.7244e+06,420
70700,4.105e+06,493
70717,2.7372e+06,471
70742,4.107e+06,434
70767,4.1116e+06,478
70784,2.7418e+06,453
70809,4.1086e+06,437
70834,4.1052e+06,479
70851,2.7453e+06,447
70876,4.119e+06,442
70901,4.1221e+06,483
70918,2.7415e+06,440
70943,4.1163e+06,450
70961,2.7487e+06,490
70985,2.7429e+06,417
71010,4.1195e+06,463
71027,2.7466e+06,472
71052,4.1329e+06,433
71077,4.1273e+06,471
71094,2.7554e+06,458
71119,4.1248e+06,434
71144,4.1305e+06,480
71161,2.7425e+06,603
71186,4.1386e+06,443
71211,4.1332e+06,486
71228,2.7626e+06,438
71253,4.1315e+06,452
71271,2.754e+06,489
71295,2.7577e+06,420
71320,4.1328e+06,465
71337,2.7665e+06,475
71362,4.1336e+06,431
71387,4.1286e+06,477
71404,2.7595e+06,451
71429,4.1324e+06,447
71454,4.1314e+06,489
71471,2.7655e+06,431
71496,4.1366e+06,451
71521,4.1384e+06,493
71538,2.7654e+06,422
71563,4.1301e+06,459
71580,2.7686e+06,477
71605,4.1407e+06,421
71630,4.1511e+06,470
71647,2.7659e+06,462
71672,4.15e+06,426
71697,4.1421e+06,480
71714,2.7672e+06,447
71739,4.1499e+06,447
71764,4.1397e+06,492
71781,2.7718e+06,427
71806,4.1486e+06,460
71824,2.7648e+06,485
71848,4.1612e+06,420
71873,4.1514e+06,463
71890,2.7747e+06,469
71915,4.1529e+06,432
71940,4.1512e+06,470
71957,2.7704e+06,457
71982,4.1573e+06,441
72007,4.1515e+06,484
72024,2.7692e+06,423
72049,4.1557e+06,445
72074,4.1585e+06,489
72091,2.7775e+06,418
72116,4.1618e+06,457
72133,2.7758e+06,481
72158,4.1602e+06,425
72183,4.155e+06,472
72200,2.7807e+06,465
72225,4.1629e+06,438
72250,4.1643e+06,475
72267,2.7737e+06,450
72292,4.1585e+06,446
72317,4.1733e+06,481
72334,2.7776e+06,437
72359,4.1634e+06,446
72384,4.1741e+06,492
72401,2.7789e+06,5.2382e+05
72426,4.1693e+06,452
72443,2.7816e+06,481
72468,4.1741e+06,424
72493,4.1733e+06,464
72510,2.7851e+06,473
72535,4.1757e+06,430
72561,4.1687e+06,470
72578,2.7807e+06,451
72603,4.174e+06,454
72628,4.1737e+06,483
72645,2.7848e+06,434
72670,4.1742e+06,450
72695,4.1847e+06,492
72712,2.7843e+06,424
72737,4.1818e+06,458
72754,2.7845e+06,481
72779,4.1647e+06,427
72804,4.1869e+06,468
72821,2.7854e+06,469
72846,4.1774e+06,426
72871,4.1799e+06,473
72888,2.7931e+06,445
72913,4.1865e+06,435
72938,4.1841e+06,480
72955,2.7873e+06,450
72980,4.1975e+06,470
73005,4.186e+06,489
73022,2.7937e+06,431
73047,4.1893e+06,458
73065,2.7947e+06,482
73089,4.1954e+06,419
73114,4.199e+06,465
73131,2.793e+06,468
73156,4.188e+06,429
73181,4.1933e+06,475
73198,2.7996e+06,457
73223,4.192e+06,442
73248,4.2001e+06,478
73265,2.7964e+06,445
73290,4.2003e+06,446
73315,4.1993e+06,488
73332,2.8096e+06,428
73357,4.2006e+06,452
73375,2.811e+06,487
73399,4.1988e+06,429
73424,4.2062e+06,467
73441,2.7959e+06,468
73466,4.2115e+06,430
73492,4.2052e+06,474
73509,2.8011e+06,455
73534,4.2099e+06,437
73559,4.2024e+06,4.6714e+08
73576,2.7976e+06,477
73601,4.2224e+06,439
73626,4.2166e+06,485
73643,2.7977e+06,438
73668,4.2185e+06,452
73693,4.2103e+06,495
73710,2.8053e+06,425
73735,4.2133e+06,457
73752,2.8125e+06,477
73777,4.2206e+06,424
73802,4.2094e+06,470
73819,2.815e+06,465
73844,4.2231e+06,433
73869,4.2078e+06,478
73886,2.816e+06,451
73912,4.2274e+06,443
73937,4.2224e+06,485
73954,2.8172e+06,433
73979,4.2279e+06,452
73997,2.8176e+06,487
74021,4.2272e+06,424
74046,4.2252e+06,461
74063,2.8175e+06,473
74088,4.2267e+06,430
74113,4.2414e+06,470
74130,2.822e+06,462
74155,4.2248e+06,427
74180,4.2306e+06,479
74197,2.8199e+06,445
74222,4.2343e+06,437
74247,4.2393e+06,488
74264,2.82e+06,432
74289,4.2361e+06,449
74314,4.2431e+06,493
74331,2.8269e+06,424
74356,4.2417e+06,460
74373,2.8283e+06,478
74398,4.2511e+06,423
74423,4.2407e+06,469
74440,2.8223e+06,458
74465,4.247e+06,438
74490,4.2431e+06,485
74507,2.8336e+06,439
74532,4.2438e+06,449
74557,4.2481e+06,490
74574,2.8344e+06,426
74599,4.2517e+06,454
74616,2.8326e+06,483
74641,4.249e+06,424
74666,4.2499e+06,468
74683,2.8287e+06,466
74708,4.257e+06,430
74733,4.2496e+06,476
74750,2.8411e+06,453
74775,4.2569e+06,439
74800,4.2616e+06,485
74817,2.8308e+06,438
74842,4.2597e+06,447
74867,4.2654e+06,494
74884,2.8404e+06,428
74909,4.2579e+06,449
74926,2.8366e+06,484
74951,4.2547e+06,455
74976,4.2605e+06,617
74993,2.8466e+06,470
75018,4.2641e+06,436
75043,4.274e+06,476
75060,2.8431e+06,449
75085,4.2612e+06,444
75110,4.2649e+06,490
75127,2.853e+06,431
75152,4.2687e+06,456
75170,2.8519e+06,488
75194,4.2766e+06,423
75219,4.2847e+06,465
75236,2.8561e+06,470
75261,4.2898e+06,429
75286,4.2915e+06,470
75303,2.8547e+06,465
75328,4.2902e+06,431
75353,4.2921e+06,477
75370,2.855e+06,448
75395,4.288e+06,444
75420,4.2939e+06,491
75437,2.8593e+06,428
75462,4.2921e+06,460
75479,2.8626e+06,481
75504,4.2979e+06,428
75529,4.2975e+06,474
75546,2.8665e+06,458
75571,4.2978e+06,440
75596,4.3039e+06,474
75613,2.8705e+06,476
75638,4.3052e+06,441
75663,4.3111e+06,483
75680,2.8656e+06,440
75705,4.3037e+06,451
75730,4.3094e+06,488
75747,2.8775e+06,428
75772,4.3082e+06,454
75790,2.8841e+06,496
75814,2.8711e+06,416
75839,4.3208e+06,463
75856,2.8763e+06,472
75884,4.3183e+06,429
